;LinkerPrimerSequence;ReversePrimer;Group;BirdID;SwabID;Location;Age;Sex;Date;Day;Month;Year;TG;TN;TX;DR;RH;Daylength;Site;Season;Wing;HeadBill;BodyMass;Batch;Species;Sequencing;Platform;DNAconcentration
FPS008;GTGCCAGCMGCCGCGGTAA;GGACTACHVGGGTWTCTAAT;True sample;3819208;FP.GR18009;MOLUKKENPAD;AD;M;25/08/2019;25;8;2019;219;125;311;0;0;14,12;MORNING;SUMMER;236;54,1;317,8;1;Feral Pigeon;Amplicon;Illumina;7,579
FPS062;GTGCCAGCMGCCGCGGTAA;GGACTACHVGGGTWTCTAAT;True sample;3826039;FP.GR18239;MOLUKKENPAD;AD;F;25/08/2019;25;8;2019;219;125;311;0;0;14,12;MORNING;SUMMER;232;52,7;319,5;1;Feral Pigeon;Amplicon;Illumina;4,372
FPS027;GTGCCAGCMGCCGCGGTAA;GGACTACHVGGGTWTCTAAT;True sample;3826037;FP.GR18200;NOORDERPLANTSOEN;AD;M;04/08/2019;4;8;2019;178;96;240;0;0;15,43;MORNING;SUMMER;241;55,9;343,5;1;Feral Pigeon;Amplicon;Illumina;0,491
FPS034;GTGCCAGCMGCCGCGGTAA;GGACTACHVGGGTWTCTAAT;True sample;3826036;FP.GR18201;NOORDERPLANTSOEN;AD;M;04/08/2019;4;8;2019;178;96;240;0;0;15,43;MORNING;SUMMER;242;55,2;334,7;1;Feral Pigeon;Amplicon;Illumina;2,953
FPS036;GTGCCAGCMGCCGCGGTAA;GGACTACHVGGGTWTCTAAT;True sample;3826031;FP.GR18233;VISMARKT;AD;M;04/08/2019;4;8;2019;178;96;240;0;0;15,43;MORNING;SUMMER;238;54,2;360,4;1;Feral Pigeon;Amplicon;Illumina;5,839
FPS039;GTGCCAGCMGCCGCGGTAA;GGACTACHVGGGTWTCTAAT;True sample;3826032;FP.GR18189;VISMARKT;1CY;M;04/08/2019;4;8;2019;178;96;240;0;0;15,43;MORNING;SUMMER;231;55,9;273,7;1;Feral Pigeon;Amplicon;Illumina;11,367
FPS053;GTGCCAGCMGCCGCGGTAA;GGACTACHVGGGTWTCTAAT;True sample;3826033;FP.GR18228;VISMARKT;AD;M;04/08/2019;4;8;2019;178;96;240;0;0;15,43;MORNING;SUMMER;246;55,2;376,5;1;Feral Pigeon;Amplicon;Illumina;3,282
FPS073;GTGCCAGCMGCCGCGGTAA;GGACTACHVGGGTWTCTAAT;True sample;3826034;FP.GR18049;MOLUKKENPAD;AD;M;04/08/2019;4;8;2019;178;96;240;0;0;15,43;MORNING;SUMMER;235;52;302,7;1;Feral Pigeon;Amplicon;Illumina;4,467
FPS015;GTGCCAGCMGCCGCGGTAA;GGACTACHVGGGTWTCTAAT;True sample;3826030;FP.GR18199;NOORDERPLANTSOEN;AD;M;21/07/2019;21;7;2019;178;150;233;12;33;16,17;MORNING;SUMMER;235;54,3;305,8;1;Feral Pigeon;Amplicon;Illumina;9,347
FPS019;GTGCCAGCMGCCGCGGTAA;GGACTACHVGGGTWTCTAAT;True sample;3826029;FP.GR18014;NOORDERPLANTSOEN;AD;M;21/07/2019;21;7;2019;178;150;233;12;33;16,17;MORNING;SUMMER;233;52,5;355;1;Feral Pigeon;Amplicon;Illumina;0,143
FPS026;GTGCCAGCMGCCGCGGTAA;GGACTACHVGGGTWTCTAAT;True sample;3826028;FP.GR18204;NOORDERPLANTSOEN;AD;F;21/07/2019;21;7;2019;178;150;233;12;33;16,17;MORNING;SUMMER;230;54,4;286,3;1;Feral Pigeon;Amplicon;Illumina;1,432
FPS030;GTGCCAGCMGCCGCGGTAA;GGACTACHVGGGTWTCTAAT;True sample;3826024;FP.GR18235;VISMARKT;1CY;F;21/07/2019;21;7;2019;178;150;233;12;33;16,17;MORNING;SUMMER;224;53,1;234,4;1;Feral Pigeon;Amplicon;Illumina;13,54
FPS040;GTGCCAGCMGCCGCGGTAA;GGACTACHVGGGTWTCTAAT;True sample;3826027;FP.GR18011;NOORDERPLANTSOEN;AD;M;21/07/2019;21;7;2019;178;150;233;12;33;16,17;MORNING;SUMMER;241;53,6;399,7;1;Feral Pigeon;Amplicon;Illumina;0,233
FPS065;GTGCCAGCMGCCGCGGTAA;GGACTACHVGGGTWTCTAAT;True sample;3826025;FP.GR18224;VISMARKT;1CY;M;21/07/2019;21;7;2019;178;150;233;12;33;16,17;MORNING;SUMMER;232;55,3;275,8;1;Feral Pigeon;Amplicon;Illumina;1,5
FPS067;GTGCCAGCMGCCGCGGTAA;GGACTACHVGGGTWTCTAAT;True sample;3819284;FP.GR18012;NOORDERPLANTSOEN;AD;F;21/07/2019;21;7;2019;178;150;233;12;33;16,17;MORNING;SUMMER;222;51,6;303,4;1;Feral Pigeon;Amplicon;Illumina;20,423
FPS072;GTGCCAGCMGCCGCGGTAA;GGACTACHVGGGTWTCTAAT;True sample;3826026;FP.GR18214;NOORDERPLANTSOEN;1CY;F;21/07/2019;21;7;2019;178;150;233;12;33;16,17;MORNING;SUMMER;229;52,4;275,5;1;Feral Pigeon;Amplicon;Illumina;25,42
FPS010;GTGCCAGCMGCCGCGGTAA;GGACTACHVGGGTWTCTAAT;True sample;3826022;FP.GR18020;MOLUKKENPAD;AD;F;12/07/2019;12;7;2019;178;150;233;12;33;16,53;AFTERNOON;SUMMER;233;53,7;316,5;1;Feral Pigeon;Amplicon;Illumina;2,536
FPS029;GTGCCAGCMGCCGCGGTAA;GGACTACHVGGGTWTCTAAT;True sample;3826023;FP.GR18008;NOORDERPLANTSOEN;AD;M;12/07/2019;12;7;2019;178;150;233;12;33;16,53;AFTERNOON;SUMMER;231;52,9;349,2;1;Feral Pigeon;Amplicon;Illumina;0,47
FPS038;GTGCCAGCMGCCGCGGTAA;GGACTACHVGGGTWTCTAAT;True sample;3819297;FP.GR18190;MOLUKKENPAD;AD;M;12/07/2019;12;7;2019;178;150;233;12;33;16,53;AFTERNOON;SUMMER;238;54,6;335,5;1;Feral Pigeon;Amplicon;Illumina;1,023
FPS045;GTGCCAGCMGCCGCGGTAA;GGACTACHVGGGTWTCTAAT;True sample;3826004;FP.GR18043;MOLUKKENPAD;AD;F;12/07/2019;12;7;2019;178;150;233;12;33;16,53;AFTERNOON;SUMMER;231;52,4;278,2;1;Feral Pigeon;Amplicon;Illumina;2,759
FPS059;GTGCCAGCMGCCGCGGTAA;GGACTACHVGGGTWTCTAAT;True sample;3826001;FP.GR18187;MOLUKKENPAD;AD;M;12/07/2019;12;7;2019;178;150;233;12;33;16,53;AFTERNOON;SUMMER;230;52,5;317,2;1;Feral Pigeon;Amplicon;Illumina;3,012
FPS002;GTGCCAGCMGCCGCGGTAA;GGACTACHVGGGTWTCTAAT;True sample;3826002;FP.GR18198;MOLUKKENPAD;AD;F;07/07/2019;7;7;2019;138;104;173;0;-1;16,7;MORNING;SUMMER;225;53,1;303;1;Feral Pigeon;Amplicon;Illumina;3,019
FPS003;GTGCCAGCMGCCGCGGTAA;GGACTACHVGGGTWTCTAAT;True sample;3819299;FP.GR18215;MOLUKKENPAD;AD;M;07/07/2019;7;7;2019;138;104;173;0;-1;16,7;MORNING;SUMMER;232;54,6;349,3;1;Feral Pigeon;Amplicon;Illumina;1,849
FPS006;GTGCCAGCMGCCGCGGTAA;GGACTACHVGGGTWTCTAAT;True sample;3819290;FP.GR18240;MOLUKKENPAD;AD;F;07/07/2019;7;7;2019;138;104;173;0;-1;16,7;MORNING;SUMMER;226;53,4;334,4;1;Feral Pigeon;Amplicon;Illumina;0,438
FPS044;GTGCCAGCMGCCGCGGTAA;GGACTACHVGGGTWTCTAAT;True sample;3812919;FP.GR18216;MOLUKKENPAD;AD;F;07/07/2019;7;7;2019;138;104;173;0;-1;16,7;MORNING;SUMMER;230;53,3;284,7;1;Feral Pigeon;Amplicon;Illumina;1,833
FPS054;GTGCCAGCMGCCGCGGTAA;GGACTACHVGGGTWTCTAAT;True sample;3826020;FP.GR18202;MOLUKKENPAD;AD;M;07/07/2019;7;7;2019;138;104;173;0;-1;16,7;MORNING;SUMMER;238;52,1;336,7;1;Feral Pigeon;Amplicon;Illumina;4,4
FPS005;GTGCCAGCMGCCGCGGTAA;GGACTACHVGGGTWTCTAAT;True sample;3826017;FP.GR18237;NOORDERPLANTSOEN;AD;M;30/06/2019;30;6;2019;207;124;272;0;0;16,85;MORNING;SUMMER;231;54,4;268,6;1;Feral Pigeon;Amplicon;Illumina;10,317
FPS023;GTGCCAGCMGCCGCGGTAA;GGACTACHVGGGTWTCTAAT;True sample;3826015;FP.GR18222;NOORDERPLANTSOEN;AD;M;30/06/2019;30;6;2019;207;124;272;0;0;16,85;MORNING;SUMMER;235;52,1;331,2;1;Feral Pigeon;Amplicon;Illumina;1,845
FPS031;GTGCCAGCMGCCGCGGTAA;GGACTACHVGGGTWTCTAAT;True sample;3826018;FP.GR18238;NOORDERPLANTSOEN;AD;M;30/06/2019;30;6;2019;207;124;272;0;0;16,85;MORNING;SUMMER;231;53,4;277,8;1;Feral Pigeon;Amplicon;Illumina;8,501
FPS049;GTGCCAGCMGCCGCGGTAA;GGACTACHVGGGTWTCTAAT;True sample;3826019;FP.GR18186;NOORDERPLANTSOEN;AD;F;30/06/2019;30;6;2019;207;124;272;0;0;16,85;MORNING;SUMMER;234;53,2;322,3;1;Feral Pigeon;Amplicon;Illumina;4,78
FPS066;GTGCCAGCMGCCGCGGTAA;GGACTACHVGGGTWTCTAAT;True sample;3826014;FP.GR18211;NOORDERPLANTSOEN;AD;F;30/06/2019;30;6;2019;207;124;272;0;0;16,85;MORNING;SUMMER;221;54;328,6;1;Feral Pigeon;Amplicon;Illumina;3,505
FPS071;GTGCCAGCMGCCGCGGTAA;GGACTACHVGGGTWTCTAAT;True sample;3826016;FP.GR18004;NOORDERPLANTSOEN;AD;F;30/06/2019;30;6;2019;207;124;272;0;0;16,85;MORNING;SUMMER;226;51,7;252,1;1;Feral Pigeon;Amplicon;Illumina;6,309
FPS075;GTGCCAGCMGCCGCGGTAA;GGACTACHVGGGTWTCTAAT;True sample;3826007;FP.GR18005;VISMARKT;AD;F;27/02/2019;27;2;2019;71;-20;183;0;0;10,65;MORNING;WINTER;230;54,3;324,4;1;Feral Pigeon;Amplicon;Illumina;0,767
FPS009;GTGCCAGCMGCCGCGGTAA;GGACTACHVGGGTWTCTAAT;True sample;3826006;FP.GR18006;VISMARKT;AD;M;18/02/2019;18;2;2019;78;25;143;0;-1;10,03;MORNING;WINTER;241;56,1;330,5;1;Feral Pigeon;Amplicon;Illumina;17,882
FPS013;GTGCCAGCMGCCGCGGTAA;GGACTACHVGGGTWTCTAAT;True sample;3819299;FP.GR18033;MOLUKKENPAD;AD;M;17/02/2019;17;2;2019;76;8;149;0;0;9,97;MORNING;WINTER;232;54,6;358,7;1;Feral Pigeon;Amplicon;Illumina;0,66
FPS035;GTGCCAGCMGCCGCGGTAA;GGACTACHVGGGTWTCTAAT;True sample;3826005;FP.GR18044;MOLUKKENPAD;AD;M;17/02/2019;17;2;2019;76;8;149;0;0;9,97;MORNING;WINTER;247;54,7;360,1;1;Feral Pigeon;Amplicon;Illumina;0,453
FPS042;GTGCCAGCMGCCGCGGTAA;GGACTACHVGGGTWTCTAAT;True sample;3826003;FP.GR18042;MOLUKKENPAD;AD;M;17/02/2019;17;2;2019;76;8;149;0;0;9,97;MORNING;WINTER;237;56,6;347;1;Feral Pigeon;Amplicon;Illumina;1,169
FPS056;GTGCCAGCMGCCGCGGTAA;GGACTACHVGGGTWTCTAAT;True sample;3826001;FP.GR18024;MOLUKKENPAD;AD;M;17/02/2019;17;2;2019;76;8;149;0;0;9,97;MORNING;WINTER;230;52,5;333,9;1;Feral Pigeon;Amplicon;Illumina;1,596
FPS060;GTGCCAGCMGCCGCGGTAA;GGACTACHVGGGTWTCTAAT;True sample;3826004;FP.GR18029;MOLUKKENPAD;AD;F;17/02/2019;17;2;2019;76;8;149;0;0;9,97;MORNING;WINTER;231;52,4;296,2;1;Feral Pigeon;Amplicon;Illumina;7,427
FPS069;GTGCCAGCMGCCGCGGTAA;GGACTACHVGGGTWTCTAAT;True sample;3826002;FP.GR18017;MOLUKKENPAD;AD;F;17/02/2019;17;2;2019;76;8;149;0;0;9,97;MORNING;WINTER;225;53,1;338,1;1;Feral Pigeon;Amplicon;Illumina;5,04
FPS004;GTGCCAGCMGCCGCGGTAA;GGACTACHVGGGTWTCTAAT;True sample;3819295;FP.GR18022;VISMARKT;AD;F;11/02/2019;11;2;2019;52;18;75;5;7;9,57;MORNING;WINTER;236;53,7;307,5;1;Feral Pigeon;Amplicon;Illumina;0,792
FPS011;GTGCCAGCMGCCGCGGTAA;GGACTACHVGGGTWTCTAAT;True sample;3819296;FP.GR18041;VISMARKT;AD;F;11/02/2019;11;2;2019;52;18;75;5;7;9,57;MORNING;WINTER;247;55;360,2;1;Feral Pigeon;Amplicon;Illumina;5,932
FPS047;GTGCCAGCMGCCGCGGTAA;GGACTACHVGGGTWTCTAAT;True sample;3819297;FP.GR18026;MOLUKKENPAD;AD;M;11/02/2019;11;2;2019;52;18;75;5;7;9,57;MORNING;WINTER;238;54,6;319,5;1;Feral Pigeon;Amplicon;Illumina;14,103
FPS050;GTGCCAGCMGCCGCGGTAA;GGACTACHVGGGTWTCTAAT;True sample;3819294;FP.GR18048;MOLUKKENPAD;AD;M;11/02/2019;11;2;2019;52;18;75;5;7;9,57;MORNING;WINTER;233;53,7;340,2;1;Feral Pigeon;Amplicon;Illumina;4,657
FPS055;GTGCCAGCMGCCGCGGTAA;GGACTACHVGGGTWTCTAAT;True sample;3819290;FP.GR18003;MOLUKKENPAD;AD;F;11/02/2019;11;2;2019;52;18;75;5;7;9,57;MORNING;WINTER;226;53,4;381,7;1;Feral Pigeon;Amplicon;Illumina;12,464
FPS012;GTGCCAGCMGCCGCGGTAA;GGACTACHVGGGTWTCTAAT;True sample;3819292;FP.GR18045;VISMARKT;AD;M;04/02/2019;4;2;2019;16;-8;34;69;22;9,12;MORNING;WINTER;235;53,8;324,5;1;Feral Pigeon;Amplicon;Illumina;5,187
FPS021;GTGCCAGCMGCCGCGGTAA;GGACTACHVGGGTWTCTAAT;True sample;3819291;FP.GR18025;VISMARKT;AD;F;04/02/2019;4;2;2019;16;-8;34;69;22;9,12;MORNING;WINTER;233;55;268,5;1;Feral Pigeon;Amplicon;Illumina;0,209
FPS025;GTGCCAGCMGCCGCGGTAA;GGACTACHVGGGTWTCTAAT;True sample;5525561;FP.GR18040;VISMARKT;AD;M;04/02/2019;4;2;2019;16;-8;34;69;22;9,12;MORNING;WINTER;246;56,3;325,9;1;Feral Pigeon;Amplicon;Illumina;15,123
FPS032;GTGCCAGCMGCCGCGGTAA;GGACTACHVGGGTWTCTAAT;True sample;3819300;FP.GR18010;VISMARKT;AD;F;04/02/2019;4;2;2019;16;-8;34;69;22;9,12;MORNING;WINTER;236;53,3;347,7;1;Feral Pigeon;Amplicon;Illumina;2,146
FPS041;GTGCCAGCMGCCGCGGTAA;GGACTACHVGGGTWTCTAAT;True sample;3819293;FP.GR18027;VISMARKT;AD;M;04/02/2019;4;2;2019;16;-8;34;69;22;9,12;MORNING;WINTER;246;54,1;359,9;1;Feral Pigeon;Amplicon;Illumina;10,084
FPS022;GTGCCAGCMGCCGCGGTAA;GGACTACHVGGGTWTCTAAT;True sample;5525560;FP.GR18031;NOORDERPLANTSOEN;AD;M;01/02/2019;1;2;2019;-3;-16;6;22;15;8,93;MORNING;WINTER;243;55,4;378,1;1;Feral Pigeon;Amplicon;Illumina;0,657
FPS061;GTGCCAGCMGCCGCGGTAA;GGACTACHVGGGTWTCTAAT;True sample;3819288;FP.GR18013;NOORDERPLANTSOEN;AD;F;01/02/2019;1;2;2019;-3;-16;6;22;15;8,93;MORNING;WINTER;230;54,9;310,9;1;Feral Pigeon;Amplicon;Illumina;2,579
FPS074;GTGCCAGCMGCCGCGGTAA;GGACTACHVGGGTWTCTAAT;True sample;3819287;FP.GR18030;NOORDERPLANTSOEN;AD;M;01/02/2019;1;2;2019;-3;-16;6;22;15;8,93;MORNING;WINTER;240;54;339,5;1;Feral Pigeon;Amplicon;Illumina;7,923
FPS001;GTGCCAGCMGCCGCGGTAA;GGACTACHVGGGTWTCTAAT;True sample;3819285;FP.GR18015;NOORDERPLANTSOEN;AD;M;21/01/2019;21;1;2019;-23;-90;23;0;-1;7,6;AFTERNOON;WINTER;245;53,9;382,7;1;Feral Pigeon;Amplicon;Illumina;5,527
FPS014;GTGCCAGCMGCCGCGGTAA;GGACTACHVGGGTWTCTAAT;True sample;3819284;FP.GR18035;NOORDERPLANTSOEN;AD;F;21/01/2019;21;1;2019;-23;-90;23;0;-1;7,6;AFTERNOON;WINTER;222;51,6;330,5;1;Feral Pigeon;Amplicon;Illumina;0,778
FPS046;GTGCCAGCMGCCGCGGTAA;GGACTACHVGGGTWTCTAAT;True sample;3819281;FP.GR18002;NOORDERPLANTSOEN;AD;M;21/01/2019;21;1;2019;-23;-90;23;0;-1;7,6;AFTERNOON;WINTER;246;53,9;361,8;1;Feral Pigeon;Amplicon;Illumina;3,638
FPS052;GTGCCAGCMGCCGCGGTAA;GGACTACHVGGGTWTCTAAT;True sample;3819283;FP.GR18028;NOORDERPLANTSOEN;AD;M;21/01/2019;21;1;2019;-23;-90;23;0;-1;7,6;AFTERNOON;WINTER;240;51,1;344,9;1;Feral Pigeon;Amplicon;Illumina;3,087
FPS058;GTGCCAGCMGCCGCGGTAA;GGACTACHVGGGTWTCTAAT;True sample;3819282;FP.GR18007;NOORDERPLANTSOEN;AD;M;21/01/2019;21;1;2019;-23;-90;23;0;-1;7,6;AFTERNOON;WINTER;244;55,9;349,6;1;Feral Pigeon;Amplicon;Illumina;2,763
FPS070;GTGCCAGCMGCCGCGGTAA;GGACTACHVGGGTWTCTAAT;True sample;3819280;FP.GR18050;NOORDERPLANTSOEN;AD;M;21/01/2019;21;1;2019;-23;-90;23;0;-1;7,6;AFTERNOON;WINTER;241;54,3;410;1;Feral Pigeon;Amplicon;Illumina;0,996
